"kind","etag","id","milestone","contentDetails.videoPublishedAt","date","year","month","day","status"
"youtube#playlistItem","L6mK2RdGFhp6uBXa8Ve_ignaX9g","UExkZ29RNkMzY2tRdGlUemNNcXczcjdsZUo1eHBhZ3BjRi5CNEFEOUNDRUMzMjVGMjc2","6goMuddSMi4","2021-11-10T19:30:52Z",2021-11-10,"2021","11","10","not analyzed"
"youtube#playlistItem","QzOtihM7kOeP7HoUfHk2P5LsDEc","UExkZ29RNkMzY2tRdGlUemNNcXczcjdsZUo1eHBhZ3BjRi45NDIzMEVBNjk5NTFGRDZC","NbbZGP9hQtY","2021-10-28T18:28:03Z",2021-10-28,"2021","10","28","not analyzed"
"youtube#playlistItem","uY2RLDeCQNupW9EARZQjjmI1mXc","UExkZ29RNkMzY2tRdGlUemNNcXczcjdsZUo1eHBhZ3BjRi5CODNEOTFERDNCQjU2ODhE","teRi36GcDJE","2021-10-22T19:09:56Z",2021-10-22,"2021","10","22","not analyzed"
"youtube#playlistItem","UaGtc66Dw3sXI8s3m3hFGEgHR0k","UExkZ29RNkMzY2tRdGlUemNNcXczcjdsZUo1eHBhZ3BjRi40QTY5NjQzQkQzMjgwNjhD","RSpeQDkwDSc","2021-10-21T19:46:35Z",2021-10-21,"2021","10","21","not analyzed"
"youtube#playlistItem","ViYZJhcH-7Yjhq0elxbfFYpr0Ik","UExkZ29RNkMzY2tRdGlUemNNcXczcjdsZUo1eHBhZ3BjRi4wMTIyMTBBMTA3RDUxNjlD","7DkLJW5bRuw","2021-10-12T18:35:29Z",2021-10-12,"2021","10","12","not analyzed"
"youtube#playlistItem","UX_Qg9DRdpii-ygP6Pnfe4TEbcg","UExkZ29RNkMzY2tRdGlUemNNcXczcjdsZUo1eHBhZ3BjRi40Q0JERDMxNzcwNTk1M0Y0","js-9FWxN53s","2021-10-05T18:57:36Z",2021-10-05,"2021","10","05","not analyzed"
"youtube#playlistItem","opGDYlhTbmwaLcZ1XNiujypSQzE","UExkZ29RNkMzY2tRdGlUemNNcXczcjdsZUo1eHBhZ3BjRi40NTBGRDE5MDg2Q0NEODI4","-PyMPwY5cgw","2021-09-29T18:47:20Z",2021-09-29,"2021","09","29","not analyzed"
"youtube#playlistItem","jC0XnmwI4CDlUjP9H-or11XX2d4","UExkZ29RNkMzY2tRdGlUemNNcXczcjdsZUo1eHBhZ3BjRi5BNTRGQTE1QjY2NUE5NTAz","JRl1L4YlWsg","2021-09-24T18:57:58Z",2021-09-24,"2021","09","24","not analyzed"
"youtube#playlistItem","3izvc28Ngigmz7KpOiozmyOvKco","UExkZ29RNkMzY2tRdGlUemNNcXczcjdsZUo1eHBhZ3BjRi5FOTE3RTBFMjNFMDNEM0Yz","MfhSVdFTcqo","2021-09-20T21:33:49Z",2021-09-20,"2021","09","20","not analyzed"
"youtube#playlistItem","_EkURvNzugZ_w2-yV_4xLlYpRpA","UExkZ29RNkMzY2tRdGlUemNNcXczcjdsZUo1eHBhZ3BjRi5FMjFERkYxMjI2NjkyMjg5","iOWl_yNL7sE","2021-09-20T18:48:01Z",2021-09-20,"2021","09","20","analyzed"
"youtube#playlistItem","alduyc9WjHAS70E4Mgn0VZTytRg","UExkZ29RNkMzY2tRdGlUemNNcXczcjdsZUo1eHBhZ3BjRi4zMkY2MjA3RDJERTkxNjkz","6qkTJMXYgok","2021-09-15T18:47:59Z",2021-09-15,"2021","09","15","analyzed"
"youtube#playlistItem","_h68sLi4Yld5fK5cXp_ulKjkRFs","UExkZ29RNkMzY2tRdGlUemNNcXczcjdsZUo1eHBhZ3BjRi4xRjE1NzQ4MjRCMUNFRDdB","19aT1Z35TY4","2021-09-13T18:41:44Z",2021-09-13,"2021","09","13","analyzed"
"youtube#playlistItem","_BjeI6M3EMJ5-s-JQ5sJjmXQZmM","UExkZ29RNkMzY2tRdGlUemNNcXczcjdsZUo1eHBhZ3BjRi5EQTdFNDU3M0Y3MTM1QjlG","12J_mpC7x_Q","2021-09-01T13:50:23Z",2021-09-01,"2021","09","01","analyzed"
"youtube#playlistItem","IVPh3U90ZzZ_UiT9YU4jh9PMck8","UExkZ29RNkMzY2tRdGlUemNNcXczcjdsZUo1eHBhZ3BjRi4wNjIzRDA1OTQ2M0UyODEw","IrIn8wO4gmY","2021-08-26T15:32:48Z",2021-08-26,"2021","08","26","analyzed"
"youtube#playlistItem","HrPQ3OzmjVTz4UY9Yb1hnPOP6kc","UExkZ29RNkMzY2tRdGlUemNNcXczcjdsZUo1eHBhZ3BjRi4wQjA4QkVEQ0RFREIzMjFC","gAZWZvx1ZSA","2021-08-20T15:23:44Z",2021-08-20,"2021","08","20","analyzed"
"youtube#playlistItem","AMrW6iI1qrW8yXR1GWCiKslP2lc","UExkZ29RNkMzY2tRdGlUemNNcXczcjdsZUo1eHBhZ3BjRi41QTQ4QTIyM0Y1RTBGMUNE","ChL2P10r1yU","2021-07-23T18:38:32Z",2021-07-23,"2021","07","23","analyzed"
"youtube#playlistItem","ltkRx54b0H6wjEFzJTV_LeTfIlo","UExkZ29RNkMzY2tRdGlUemNNcXczcjdsZUo1eHBhZ3BjRi5CRjBFOTUzQTE4Mjg3RUJF","raJO2HFgDQE","2021-07-14T16:54:33Z",2021-07-14,"2021","07","14","analyzed"
"youtube#playlistItem","aAMeZOP1cUZBvlnn7CAa2ITJMGY","UExkZ29RNkMzY2tRdGlUemNNcXczcjdsZUo1eHBhZ3BjRi5ENUI5OTFCQkYxNDUxQjQ3","wvtCV9wiS-s","2021-07-07T15:43:25Z",2021-07-07,"2021","07","07","analyzed"
"youtube#playlistItem","eHku5m_wPN2-Jlu7kIPkeCG7isU","UExkZ29RNkMzY2tRdGlUemNNcXczcjdsZUo1eHBhZ3BjRi5GN0EwRkMxQTJGMTFCNDc1","Vz5CJjvo54k","2021-06-30T15:57:26Z",2021-06-30,"2021","06","30","analyzed"
"youtube#playlistItem","TRAOiZ-0p64KmzL1eO9HCHmwo2E","UExkZ29RNkMzY2tRdGlUemNNcXczcjdsZUo1eHBhZ3BjRi43RjdBQTMwNUUwRTA1QkE3","WgVO_CnDPBM","2021-06-23T18:38:15Z",2021-06-23,"2021","06","23","analyzed"
"youtube#playlistItem","lxia73eS6sVbgUQnz4y2rBR6-b0","UExkZ29RNkMzY2tRdGlUemNNcXczcjdsZUo1eHBhZ3BjRi5CMDk1Q0MxREYyOTVEOTZF","ASXW4Kx3b1Y","2021-06-16T19:40:42Z",2021-06-16,"2021","06","16","analyzed"
"youtube#playlistItem","vpwIf0fFUOo88J6X3gJHaC6P7qM","UExkZ29RNkMzY2tRdGlUemNNcXczcjdsZUo1eHBhZ3BjRi44NzQ1OTI1OUFFM0NFRTc5","bMaX0whm0hU","2021-06-15T18:47:35Z",2021-06-15,"2021","06","15","analyzed"
"youtube#playlistItem","nuo2wfY11oBlUYOKrCgQpzX4IIA","UExkZ29RNkMzY2tRdGlUemNNcXczcjdsZUo1eHBhZ3BjRi5DODY2Qzc5Mzc1QkZEQ0NF","kX4I4KfL3nE","2021-06-07T16:47:26Z",2021-06-07,"2021","06","07","analyzed"
"youtube#playlistItem","PYDthO0cleUTwfDfQYGhM9sQlFM","UExkZ29RNkMzY2tRdGlUemNNcXczcjdsZUo1eHBhZ3BjRi40MzEwNkU4RUE0MjhBRjg4","-dWZJm-sPQk","2021-06-02T17:23:32Z",2021-06-02,"2021","06","02","analyzed"
"youtube#playlistItem","jKXNgVUdqARljhfFw4Vnwa4hEz4","UExkZ29RNkMzY2tRdGlUemNNcXczcjdsZUo1eHBhZ3BjRi42RDgxQ0M2OUIwREZCNjZF","Q5ZcAk7QEPY","2021-05-27T18:52:16Z",2021-05-27,"2021","05","27","analyzed"
"youtube#playlistItem","18sjK__gYXxYwc_Lgv7ynwiC_Pw","UExkZ29RNkMzY2tRdGlUemNNcXczcjdsZUo1eHBhZ3BjRi40ODU2MTBGM0M5MkIwQzU0","qLCZU8Oh7uA","2021-05-26T18:24:35Z",2021-05-26,"2021","05","26","analyzed"
"youtube#playlistItem","l5kL2deiU8tBTdFi-AjkUn-u6BI","UExkZ29RNkMzY2tRdGlUemNNcXczcjdsZUo1eHBhZ3BjRi44REI4QUZDRDI5MDc4Q0NF","OgoqdUBBkpw","2021-05-25T18:26:21Z",2021-05-25,"2021","05","25","analyzed"
"youtube#playlistItem","2FlnrOj_XOEMPFLa9OsSuirUGEM","UExkZ29RNkMzY2tRdGlUemNNcXczcjdsZUo1eHBhZ3BjRi5FQjcyRDZBMEMyNTY3OTdE","IJ-iq0eDpIE","2021-05-21T18:06:00Z",2021-05-21,"2021","05","21","analyzed"
"youtube#playlistItem","biAuHwix-EWwnr7r7FZMYDKAFUs","UExkZ29RNkMzY2tRdGlUemNNcXczcjdsZUo1eHBhZ3BjRi4wMEMyQTBBOTUwNTM0OUFG","5Zg_OplwNFw","2021-05-18T18:34:49Z",2021-05-18,"2021","05","18","analyzed"
"youtube#playlistItem","TEUvOs25RcnTe38KIWAS384qasI","UExkZ29RNkMzY2tRdGlUemNNcXczcjdsZUo1eHBhZ3BjRi44M0Q5MzQ0QTcwQzFDMjc5","VvmmKdkQ6Uc","2021-05-13T18:29:17Z",2021-05-13,"2021","05","13","analyzed"
"youtube#playlistItem","t1NnUTKkG5ZAq7GFXQO_OhJg1B0","UExkZ29RNkMzY2tRdGlUemNNcXczcjdsZUo1eHBhZ3BjRi5EN0U0NTk3NzIwMjUxN0M3","a-yBUuBpZYE","2021-05-10T18:37:54Z",2021-05-10,"2021","05","10","analyzed"
"youtube#playlistItem","50s_QHYhkmrHPgJzOuqH5RfD8No","UExkZ29RNkMzY2tRdGlUemNNcXczcjdsZUo1eHBhZ3BjRi5BQzRBQzNEOTgzNTU2QkZB","kz2h9xAg3zs","2021-05-05T15:29:22Z",2021-05-05,"2021","05","05","analyzed"
"youtube#playlistItem","S_iURJTUCYCrD2AhnRbqWMlcEno","UExkZ29RNkMzY2tRdGlUemNNcXczcjdsZUo1eHBhZ3BjRi4zNEMzQ0FDREY1MkE1RkQ1","417hXhaMipg","2021-05-04T18:26:43Z",2021-05-04,"2021","05","04","analyzed"
"youtube#playlistItem","2kbAD9GricEuMvQyZe28mBuv0Qo","UExkZ29RNkMzY2tRdGlUemNNcXczcjdsZUo1eHBhZ3BjRi45MEI3NjgzMTVFQkZGODYx","iykZMhEnF4g","2021-04-29T18:24:06Z",2021-04-29,"2021","04","29","analyzed"
"youtube#playlistItem","TXGxJTVN5DAoQM4HjcJDbpr_I_w","UExkZ29RNkMzY2tRdGlUemNNcXczcjdsZUo1eHBhZ3BjRi5ENjg3MEUyQ0IzODMzQThB","FKkeEV4FC_g","2021-04-27T18:36:47Z",2021-04-27,"2021","04","27","analyzed"
"youtube#playlistItem","l9CXna3hG7HE_1j680l8HbXJwaE","UExkZ29RNkMzY2tRdGlUemNNcXczcjdsZUo1eHBhZ3BjRi41MzJFNEYxODEyNzA0QUUx","6CaQvXHwwoc","2021-04-23T19:29:48Z",2021-04-23,"2021","04","23","analyzed"
"youtube#playlistItem","h32XootlWvv6NUkk1DQ1gJjNBh8","UExkZ29RNkMzY2tRdGlUemNNcXczcjdsZUo1eHBhZ3BjRi5EODkyNDMzRkJBNkQ2NkMz","LKcoisAIhx8","2021-04-22T18:30:40Z",2021-04-22,"2021","04","22","analyzed"
"youtube#playlistItem","6ragUs342lA9fAjBs5Hxm4Md5dY","UExkZ29RNkMzY2tRdGlUemNNcXczcjdsZUo1eHBhZ3BjRi5BRUVCN0E0MzEwQzAwNjMy","VoEwbstko9o","2021-04-20T18:30:49Z",2021-04-20,"2021","04","20","analyzed"
"youtube#playlistItem","JGJ51qi_Om2tfM-QNNPSd2jhpvs","UExkZ29RNkMzY2tRdGlUemNNcXczcjdsZUo1eHBhZ3BjRi41NUMwNTVERDNBRDc4REM0","NDtKEx22ujU","2021-04-15T18:32:10Z",2021-04-15,"2021","04","15","analyzed"
"youtube#playlistItem","Ui4IUdeWRNL82nFBeU9fBRefmDo","UExkZ29RNkMzY2tRdGlUemNNcXczcjdsZUo1eHBhZ3BjRi4wQTI4OEZFRUE0Q0Q3ODQw","svW7DTAIJaQ","2021-04-14T19:38:12Z",2021-04-14,"2021","04","14","analyzed"
"youtube#playlistItem","PE8k99rj8L_yFg5-PxDhABw2y2M","UExkZ29RNkMzY2tRdGlUemNNcXczcjdsZUo1eHBhZ3BjRi4wMDkwRkI3NzExODA2MTFG","4Pmaja2BZKM","2021-04-10T19:21:03Z",2021-04-10,"2021","04","10","analyzed"
"youtube#playlistItem","8VPN4Fkx5Mj7XuEZqgfPjH9iuUg","UExkZ29RNkMzY2tRdGlUemNNcXczcjdsZUo1eHBhZ3BjRi5ERkRDQjY0N0Y0Q0VFOTdC","Y-LvD43lZC4","2021-04-08T16:47:21Z",2021-04-08,"2021","04","08","analyzed"
"youtube#playlistItem","FWFpNPMkRSyz-_8PrXgBFDf8QdE","UExkZ29RNkMzY2tRdGlUemNNcXczcjdsZUo1eHBhZ3BjRi5BRDg1NUY1OTY2QzgzOEM0","Hm8jy-31mgE","2021-03-30T17:06:05Z",2021-03-30,"2021","03","30","analyzed"
"youtube#playlistItem","kDQl7fVeZl97s_CGDiXGstkAfhQ","UExkZ29RNkMzY2tRdGlUemNNcXczcjdsZUo1eHBhZ3BjRi42NEZDNTU0RTRENDUzRjMz","LjBiNwzot2I","2021-03-25T18:41:12Z",2021-03-25,"2021","03","25","analyzed"
"youtube#playlistItem","0jGsLs-FggtXB5XZXU_feNmaVmY","UExkZ29RNkMzY2tRdGlUemNNcXczcjdsZUo1eHBhZ3BjRi5ENEEyOTIwNkY4NzFGMkQ2","NPfQ-jSsleI","2021-03-18T19:33:12Z",2021-03-18,"2021","03","18","analyzed"
"youtube#playlistItem","xww5LvRIWnljNZ4FfOQP1lPm-24","UExkZ29RNkMzY2tRdGlUemNNcXczcjdsZUo1eHBhZ3BjRi43NjE5NDdDRTdENjQ3RTkw","uiN95-Pj01g","2021-03-12T18:23:49Z",2021-03-12,"2021","03","12","analyzed"
"youtube#playlistItem","vQV7w5tq_Ka9ZhUU5n8dwGwr_1A","UExkZ29RNkMzY2tRdGlUemNNcXczcjdsZUo1eHBhZ3BjRi4wRkVBNUY4OTkzN0JCNTA2","X8hHIupS65A","2021-03-05T17:54:13Z",2021-03-05,"2021","03","05","analyzed"
"youtube#playlistItem","XThQ1cwDj8-3Qxtpc4mtpCXvmGU","UExkZ29RNkMzY2tRdGlUemNNcXczcjdsZUo1eHBhZ3BjRi44NjIxNjc5OUQwQkJBODQ5","HifBBRp5p5c","2021-03-04T20:31:12Z",2021-03-04,"2021","03","04","analyzed"
"youtube#playlistItem","Y2LUrXpgqSf5qWokZJdDsTCdgTQ","UExkZ29RNkMzY2tRdGlUemNNcXczcjdsZUo1eHBhZ3BjRi43RDg3MzJDMTRFMTZFOTAw","S4Oj1bkOETQ","2021-02-26T19:37:31Z",2021-02-26,"2021","02","26","analyzed"
"youtube#playlistItem","1Tvvb6ztHIs9MjIhfExXcR7MrZA","UExkZ29RNkMzY2tRdGlUemNNcXczcjdsZUo1eHBhZ3BjRi5BNzdEQzY0REQzQTEyN0U3","MyBd20C_NcQ","2021-02-18T18:56:33Z",2021-02-18,"2021","02","18","analyzed"
"youtube#playlistItem","itmDIuC-5oHBG3jvDMUdGDi6qu8","UExkZ29RNkMzY2tRdGlUemNNcXczcjdsZUo1eHBhZ3BjRi5EODgyNjY4MzA3QzY5RTkx","LO78ItRfPTs","2021-02-16T19:31:28Z",2021-02-16,"2021","02","16","analyzed"
"youtube#playlistItem","mCw__cK_MWP4f-XA9gC9AMQWUj4","UExkZ29RNkMzY2tRdGlUemNNcXczcjdsZUo1eHBhZ3BjRi4wN0FBRUVFNEVBMTZBQ0Mx","qOq0vLNJgtQ","2021-02-11T17:36:46Z",2021-02-11,"2021","02","11","analyzed"
"youtube#playlistItem","Vtab5pri0tl6q_pYe9Xo5yDWWnY","UExkZ29RNkMzY2tRdGlUemNNcXczcjdsZUo1eHBhZ3BjRi4zNDIxRUJGQThFRTg1QzAy","QmPQyPrVcFw","2021-02-08T19:34:39Z",2021-02-08,"2021","02","08","analyzed"
"youtube#playlistItem","yiipKFgH-T66jl1FjCKry4VNIX0","UExkZ29RNkMzY2tRdGlUemNNcXczcjdsZUo1eHBhZ3BjRi4yOTZGRTNEQ0ZGNUM5RDgw","PoLhNhf8pBs","2021-02-04T19:28:29Z",2021-02-04,"2021","02","04","analyzed"
"youtube#playlistItem","GYjouqn48ymVPuq742mTXHjD7KM","UExkZ29RNkMzY2tRdGlUemNNcXczcjdsZUo1eHBhZ3BjRi5CQzUwREI3MzkxQjdBM0E0","Ciqo9kAbDj8","2021-02-02T19:52:49Z",2021-02-02,"2021","02","02","analyzed"
"youtube#playlistItem","1JEgUv92gTqWUjlXJSK-EhISonw","UExkZ29RNkMzY2tRdGlUemNNcXczcjdsZUo1eHBhZ3BjRi40OTQ5QjlEMDgzN0FBNUIw","nuor5Ef9qCU","2021-01-29T19:06:38Z",2021-01-29,"2021","01","29","analyzed"
"youtube#playlistItem","dIK4X6yxTZJ77qa_fR8tnM4AN6M","UExkZ29RNkMzY2tRdGlUemNNcXczcjdsZUo1eHBhZ3BjRi43ODA2MDVCQzY5QzZDMjUw","Ku6hrnyRckc","2021-01-25T20:20:14Z",2021-01-25,"2021","01","25","analyzed"
"youtube#playlistItem","phm2n3eHwa7J9jNacl2uzqsA4IE","UExkZ29RNkMzY2tRdGlUemNNcXczcjdsZUo1eHBhZ3BjRi5GNzk2RTlDQTNCQzJCQzJG","BcwI5I9mf5k","2021-01-22T20:26:40Z",2021-01-22,"2021","01","22","analyzed"
"youtube#playlistItem","Rzow4DFrbhRUaNKGmuVti2SXNpI","UExkZ29RNkMzY2tRdGlUemNNcXczcjdsZUo1eHBhZ3BjRi44QjNCNkRENjNFQTBEMUND","vrEnLN2C1Pw","2021-01-21T19:38:21Z",2021-01-21,"2021","01","21","analyzed"
"youtube#playlistItem","y-WNHHb5Fbc8QiciQDjVrp5NzOY","UExkZ29RNkMzY2tRdGlUemNNcXczcjdsZUo1eHBhZ3BjRi5EMUJFNzRCNDRFQjE5RjM4","DiXm9GCnz7U","2021-01-19T22:23:41Z",2021-01-19,"2021","01","19","analyzed"
"youtube#playlistItem","O08jxieTJo1kS9ozrw_MyC9x4EA","UExkZ29RNkMzY2tRdGlUemNNcXczcjdsZUo1eHBhZ3BjRi5CNEYyNTVBNDdGMDI1MDNC","SHYLs0zqNzo","2021-01-19T20:38:22Z",2021-01-19,"2021","01","19","analyzed"
"youtube#playlistItem","2f4EocUMAw4tlbK5WeIPwOsx4sk","UExkZ29RNkMzY2tRdGlUemNNcXczcjdsZUo1eHBhZ3BjRi41ODIyMTgwQzA4NjJCQkZC","1yLYGlUEeKU","2021-01-17T19:34:32Z",2021-01-17,"2021","01","17","analyzed"
"youtube#playlistItem","WH67DljgkvfdMW8kiMPYqHOE1ns","UExkZ29RNkMzY2tRdGlUemNNcXczcjdsZUo1eHBhZ3BjRi5FRjdGNDMzN0I2RTI3MDlG","4R6ckyTRDek","2021-01-14T20:03:13Z",2021-01-14,"2021","01","14","analyzed"
"youtube#playlistItem","suinXdEwmP3yPG88RfmIZYsm2HM","UExkZ29RNkMzY2tRdGlUemNNcXczcjdsZUo1eHBhZ3BjRi41RDUzRjJFQ0Y0MUI3NzU1","0V33M_KZxSA","2021-01-11T19:56:33Z",2021-01-11,"2021","01","11","analyzed"
"youtube#playlistItem","JOap_j6zWczBNaVMtHEEJaGJna8","UExkZ29RNkMzY2tRdGlUemNNcXczcjdsZUo1eHBhZ3BjRi5ERENFNTk4Q0Q2MTZDMTA5","8nbgX15w8kg","2021-01-08T20:01:46Z",2021-01-08,"2021","01","08","analyzed"
"youtube#playlistItem","tJS-TB24I3o0Po9obPiq24X7ZNo","UExkZ29RNkMzY2tRdGlUemNNcXczcjdsZUo1eHBhZ3BjRi4yM0EyQ0U1M0I2RkIwNTQ0","CLR6PrSVZKA","2021-01-07T19:40:52Z",2021-01-07,"2021","01","07","analyzed"
"youtube#playlistItem","45c8EM17PiPDg6nyWmiroA_3VfA","UExkZ29RNkMzY2tRdGlUemNNcXczcjdsZUo1eHBhZ3BjRi5DQjg2RDQyMEVGQkZFOEVF","ynKSdr7kQDY","2021-01-06T19:25:37Z",2021-01-06,"2021","01","06","analyzed"
"youtube#playlistItem","RQ-Vzr_o1NYyKUD8PzVcFDoVQZ4","UExkZ29RNkMzY2tRdGlUemNNcXczcjdsZUo1eHBhZ3BjRi4wQUE0QzM4MkJGQ0YwQjUx","TeOoEoOf-RM","2021-01-05T19:57:31Z",2021-01-05,"2021","01","05","analyzed"
"youtube#playlistItem","fVNeLwvw_J_u6JGHbn9VKdBMCJk","UExkZ29RNkMzY2tRdGlUemNNcXczcjdsZUo1eHBhZ3BjRi5GMDBDNkJGMzYzREUyMTYw","A2EJcuuUDAc","2020-12-22T19:47:10Z",2020-12-22,"2020","12","22","analyzed"
"youtube#playlistItem","ZcN_LZ4oiHbFUAVYF1BQ7v5kmjk","UExkZ29RNkMzY2tRdGlUemNNcXczcjdsZUo1eHBhZ3BjRi5CMUM0NzY5NzdEQzlGRjAx","I9EErdCPD9M","2020-12-17T19:37:36Z",2020-12-17,"2020","12","17","analyzed"
"youtube#playlistItem","HS-vjAMJtW3wYu9MW5lNTuzpKng","UExkZ29RNkMzY2tRdGlUemNNcXczcjdsZUo1eHBhZ3BjRi5EMzJDRTUwQjBEOUVFQzAw","L3MxKqj9Ki8","2020-12-11T20:16:40Z",2020-12-11,"2020","12","11","analyzed"
"youtube#playlistItem","X90DkRjZzEj5vl6shWPLfbfb2oA","UExkZ29RNkMzY2tRdGlUemNNcXczcjdsZUo1eHBhZ3BjRi40NzE2MTY1QTM3RUI3QkU3","LBekArnTPUs","2020-12-10T19:38:49Z",2020-12-10,"2020","12","10","analyzed"
"youtube#playlistItem","CUH5rofCkGXPUkW5Z81RJXe621A","UExkZ29RNkMzY2tRdGlUemNNcXczcjdsZUo1eHBhZ3BjRi44MkM2RjVEQkQ5N0I2MjVE","aS0dh8ZZywA","2020-12-06T20:43:39Z",2020-12-06,"2020","12","06","analyzed"
"youtube#playlistItem","82Qfq4gWe3ObAH5jLWFORVdJ6a4","UExkZ29RNkMzY2tRdGlUemNNcXczcjdsZUo1eHBhZ3BjRi44QTA1QTQyRTc3M0VGQzYx","bOvvReoDQXw","2020-12-03T19:46:23Z",2020-12-03,"2020","12","03","analyzed"
"youtube#playlistItem","4BbNLWXr-5EFRd9Zb3-GsTept4s","UExkZ29RNkMzY2tRdGlUemNNcXczcjdsZUo1eHBhZ3BjRi4wMDFGNzBEOTU4Q0Y1Q0RG","hwlt5uzY2IA","2020-12-01T19:50:34Z",2020-12-01,"2020","12","01","analyzed"
"youtube#playlistItem","Cb6a1pu3tOMLvWzP1Vn2TNUMPV0","UExkZ29RNkMzY2tRdGlUemNNcXczcjdsZUo1eHBhZ3BjRi4xNTZBNUQxMDZBQzFGMjkw","tJ3m7vMQ2Fk","2020-11-26T19:32:36Z",2020-11-26,"2020","11","26","analyzed"
"youtube#playlistItem","KVoKzoI1Zqt2NJIXuDHJ4O3bPyw","UExkZ29RNkMzY2tRdGlUemNNcXczcjdsZUo1eHBhZ3BjRi4zQTkzRjgxRTY0OEU0MkM3","13teFQyKuLA","2020-11-25T19:14:05Z",2020-11-25,"2020","11","25","analyzed"
"youtube#playlistItem","GPLeg3LuExyRwXuTIDjIzHmdOGo","UExkZ29RNkMzY2tRdGlUemNNcXczcjdsZUo1eHBhZ3BjRi44QTY2MEEzNzBFQUJCMUQ2","yz92iVn8E8M","2020-11-24T19:30:07Z",2020-11-24,"2020","11","24","analyzed"
"youtube#playlistItem","OvQDh74374Vf-nQI26P8WB7L1cs","UExkZ29RNkMzY2tRdGlUemNNcXczcjdsZUo1eHBhZ3BjRi4xNjIyNEE0MDEyRDlCMjBE","wXUdBJrtWuY","2020-11-23T19:55:12Z",2020-11-23,"2020","11","23","analyzed"
"youtube#playlistItem","mGtMwhA8ceTn_u2PuUI7xG0r9sM","UExkZ29RNkMzY2tRdGlUemNNcXczcjdsZUo1eHBhZ3BjRi5CMEVBRUJERkUyNTBENTkz","KQYwY88j3As","2020-11-21T18:37:58Z",2020-11-21,"2020","11","21","analyzed"
"youtube#playlistItem","gxLeo6FpUeIutroawnCzv47BMjA","UExkZ29RNkMzY2tRdGlUemNNcXczcjdsZUo1eHBhZ3BjRi5FQUY2Qzk4RUFDN0ZFRkZF","wFMWGHnzGNM","2020-11-20T21:01:57Z",2020-11-20,"2020","11","20","analyzed"
"youtube#playlistItem","ph_SNYIEpmLMnbI3-aSBnWW6hI0","UExkZ29RNkMzY2tRdGlUemNNcXczcjdsZUo1eHBhZ3BjRi4xN0Y2QjVBOEI2MzQ5OUM5","M_EMu1954Bo","2020-11-19T19:51:38Z",2020-11-19,"2020","11","19","analyzed"
"youtube#playlistItem","pZEanwlrHtOubpoiu9IGCGmIyvQ","UExkZ29RNkMzY2tRdGlUemNNcXczcjdsZUo1eHBhZ3BjRi45NDlDQUFFOThDMTAxQjUw","-2arFKDiqxs","2020-10-29T18:43:50Z",2020-10-29,"2020","10","29","analyzed"
"youtube#playlistItem","QMsoTzkgjWMaiJn63iEHIsuvS6g","UExkZ29RNkMzY2tRdGlUemNNcXczcjdsZUo1eHBhZ3BjRi4yQzk4QTA5QjkzMTFFOEI1","4Yt7j6d8tUE","2020-10-22T21:34:42Z",2020-10-22,"2020","10","22","analyzed"
"youtube#playlistItem","6Qrysv4cRGT5WaWwkSw6wUuf8ZI","UExkZ29RNkMzY2tRdGlUemNNcXczcjdsZUo1eHBhZ3BjRi5EQkE3RTJCQTJEQkFBQTcz","N3yCPLXEvPg","2020-10-19T18:48:37Z",2020-10-19,"2020","10","19","analyzed"
"youtube#playlistItem","MgubTg7gbG1RIHy9V-uCa8vpVgg","UExkZ29RNkMzY2tRdGlUemNNcXczcjdsZUo1eHBhZ3BjRi43QzNCNkZENzIyMDY2MjZB","irGI-dJf0_4","2020-10-14T18:43:41Z",2020-10-14,"2020","10","14","analyzed"
"youtube#playlistItem","NJD7ghbEjHRDQobDcI7n3BA4A-Y","UExkZ29RNkMzY2tRdGlUemNNcXczcjdsZUo1eHBhZ3BjRi42RTNCOEMxREI3Q0VDMjU2","P_PXLE9EhFY","2020-10-13T19:03:15Z",2020-10-13,"2020","10","13","analyzed"
"youtube#playlistItem","X69i8JFNujPmNuCFUFpz9_KobWk","UExkZ29RNkMzY2tRdGlUemNNcXczcjdsZUo1eHBhZ3BjRi40MDNEMzA0QTBFRThFMzBE","WbdwgghkPBg","2020-10-12T18:44:34Z",2020-10-12,"2020","10","12","analyzed"
"youtube#playlistItem","nC_V0Vxo6efspyMAw0YLAxR_7mo","UExkZ29RNkMzY2tRdGlUemNNcXczcjdsZUo1eHBhZ3BjRi42MjYzMTMyQjA0QURCN0JF","22syI6gYNuE","2020-10-10T18:24:43Z",2020-10-10,"2020","10","10","analyzed"
"youtube#playlistItem","UcXcf_pKkAsMfmIqCORh38VEQpU","UExkZ29RNkMzY2tRdGlUemNNcXczcjdsZUo1eHBhZ3BjRi4xM0YyM0RDNDE4REQ1NDA0","YIdW_smutLM","2020-10-09T19:15:35Z",2020-10-09,"2020","10","09","analyzed"
"youtube#playlistItem","JJohEeO8_2hqAQgcDvRWYxqbg2w","UExkZ29RNkMzY2tRdGlUemNNcXczcjdsZUo1eHBhZ3BjRi5ERkUyQTM0MzEwQjZCMTY5","_7H1YWi02PU","2020-10-08T19:26:18Z",2020-10-08,"2020","10","08","analyzed"
"youtube#playlistItem","dqU3681Pu3sHVm_KGJgXXRF4R2c","UExkZ29RNkMzY2tRdGlUemNNcXczcjdsZUo1eHBhZ3BjRi5CNTcxMDQ0NThBNzMxODYz","YZxxbxCE_ig","2020-10-07T19:08:43Z",2020-10-07,"2020","10","07","analyzed"
"youtube#playlistItem","49Lr1ja7bMXgEEI2D2zf2-w47yo","UExkZ29RNkMzY2tRdGlUemNNcXczcjdsZUo1eHBhZ3BjRi5CNTZFOTNGQzZEODg1RUQx","Vp3fm03OHFI","2020-10-06T22:10:56Z",2020-10-06,"2020","10","06","analyzed"
"youtube#playlistItem","Wn9DTkjyVxS403V-TqHtpxPv3BA","UExkZ29RNkMzY2tRdGlUemNNcXczcjdsZUo1eHBhZ3BjRi4wRjhFM0MxMTU1MEUzQ0VB","IDpRTABIW44","2020-10-06T18:17:22Z",2020-10-06,"2020","10","06","analyzed"
"youtube#playlistItem","BV0mabn_SZFgcaDlAxtnpdoFIKo","UExkZ29RNkMzY2tRdGlUemNNcXczcjdsZUo1eHBhZ3BjRi41OURENDc2NEM1MDI5Mjky","Mng0Unnwm1o","2020-10-02T16:18:07Z",2020-10-02,"2020","10","02","analyzed"
"youtube#playlistItem","GhAWjcms9_Pxwu0qRFbOsXjRnUQ","UExkZ29RNkMzY2tRdGlUemNNcXczcjdsZUo1eHBhZ3BjRi42QzdBMzlBQzQzRjQ0QkQy","sQD0NlQ4xNI","2020-09-03T18:15:53Z",2020-09-03,"2020","09","03","analyzed"
"youtube#playlistItem","Hsgns9T_pxGaPcVcFmwRBO6Wobc","UExkZ29RNkMzY2tRdGlUemNNcXczcjdsZUo1eHBhZ3BjRi4zMUEyMkQwOTk0NTg4MDgw","ryX5m-enrzA","2020-09-01T18:05:50Z",2020-09-01,"2020","09","01","analyzed"
"youtube#playlistItem","SjYtUviC6QtDWQLnSNLdYt8sBFs","UExkZ29RNkMzY2tRdGlUemNNcXczcjdsZUo1eHBhZ3BjRi4wMTYxQzVBRDI1NEVDQUZE","HUBeTkegzn8","2020-08-27T18:28:43Z",2020-08-27,"2020","08","27","analyzed"
"youtube#playlistItem","gPAoLS9DDsYnRw1dFRE5lKYl8go","UExkZ29RNkMzY2tRdGlUemNNcXczcjdsZUo1eHBhZ3BjRi4wNEU1MTI4NkZEMzVBN0JF","qTiSxFeVvXk","2020-08-25T18:20:11Z",2020-08-25,"2020","08","25","analyzed"
"youtube#playlistItem","DmrD3psOnce7wHKVcNuK6IupOYs","UExkZ29RNkMzY2tRdGlUemNNcXczcjdsZUo1eHBhZ3BjRi5CQkEwRDA0MDkwNUM2MDY1","1UIRHdUcEDA","2020-08-20T18:35:21Z",2020-08-20,"2020","08","20","analyzed"
"youtube#playlistItem","eFE_OaQAR169knlgqZIU33iap2A","UExkZ29RNkMzY2tRdGlUemNNcXczcjdsZUo1eHBhZ3BjRi5GNjAwN0Y0QTFGOTVDMEMy","7i8k0MWM5i0","2020-08-13T18:43:51Z",2020-08-13,"2020","08","13","analyzed"
"youtube#playlistItem","C-McSsedzt_2_TvOoPBYZilejlg","UExkZ29RNkMzY2tRdGlUemNNcXczcjdsZUo1eHBhZ3BjRi43NERCMDIzQzFBMERCMEE3","Il4EboM2SEc","2020-08-11T18:53:22Z",2020-08-11,"2020","08","11","analyzed"
"youtube#playlistItem","1Twxdov7l0mAu-uclwrK8BdpeQE","UExkZ29RNkMzY2tRdGlUemNNcXczcjdsZUo1eHBhZ3BjRi41NTZEOThBNThFOUVGQkVB","sfwzjFhea38","2020-08-05T21:22:45Z",2020-08-05,"2020","08","05","analyzed"
"youtube#playlistItem","0xwTYPmMl3rcMoPcR7orddVTPRA","UExkZ29RNkMzY2tRdGlUemNNcXczcjdsZUo1eHBhZ3BjRi42Qzk5MkEzQjVFQjYwRDA4","JAjvlFmMMGk","2020-06-24T18:53:39Z",2020-06-24,"2020","06","24","analyzed"
"youtube#playlistItem","OKfuHkzl5x1HwoGnwRM7PFEeY8c","UExkZ29RNkMzY2tRdGlUemNNcXczcjdsZUo1eHBhZ3BjRi4zMEQ1MEIyRTFGNzhDQzFB","fUW7xplT4TA","2020-06-19T14:46:45Z",2020-06-19,"2020","06","19","analyzed"
"youtube#playlistItem","pHcrDrhKRdc0zEQ2FD9fBkFLXuo","UExkZ29RNkMzY2tRdGlUemNNcXczcjdsZUo1eHBhZ3BjRi4xMzgwMzBERjQ4NjEzNUE5","pQlmX62divU","2020-06-15T18:46:44Z",2020-06-15,"2020","06","15","analyzed"
"youtube#playlistItem","nTOw48TDF3BXE8n3WVx0O79eW4Y","UExkZ29RNkMzY2tRdGlUemNNcXczcjdsZUo1eHBhZ3BjRi44QzVGQUU2QjE2NDgxM0M4","E8YBX_GiBRM","2020-06-12T15:14:34Z",2020-06-12,"2020","06","12","analyzed"
"youtube#playlistItem","b4LB5-p1WwKbNymdT_VIt361REA","UExkZ29RNkMzY2tRdGlUemNNcXczcjdsZUo1eHBhZ3BjRi5ENjI1QUI0MDI5NEQzODFE","DZcTF-bjjC0","2020-06-10T18:52:05Z",2020-06-10,"2020","06","10","analyzed"
"youtube#playlistItem","grU3ZI2y3ArVTN0T-BlvaUVN5Ig","UExkZ29RNkMzY2tRdGlUemNNcXczcjdsZUo1eHBhZ3BjRi41RTNBREYwMkI5QzU3RkY2","j-iEwVnWAUM","2020-06-08T18:44:27Z",2020-06-08,"2020","06","08","analyzed"
"youtube#playlistItem","pj5u0ccVbqh7vIIfNJPcCx5SDR4","UExkZ29RNkMzY2tRdGlUemNNcXczcjdsZUo1eHBhZ3BjRi40QzRDOEU0QUYwNUIxN0M1","FpeGYHvpmso","2020-06-04T18:46:16Z",2020-06-04,"2020","06","04","analyzed"
"youtube#playlistItem","aQuXv2KPxXe_TrJvfZwlUJJbTU8","UExkZ29RNkMzY2tRdGlUemNNcXczcjdsZUo1eHBhZ3BjRi4yQUJFNUVCMzVDNjcxRTlF","jM3h4sl-8B4","2020-05-31T18:31:23Z",2020-05-31,"2020","05","31","analyzed"
"youtube#playlistItem","ZVtPZAFoE5CirjnMD0oN9MhQIhg","UExkZ29RNkMzY2tRdGlUemNNcXczcjdsZUo1eHBhZ3BjRi4yQjZFRkExQjFGODk3RUFD","zVoLd7ady-U","2020-05-29T18:37:21Z",2020-05-29,"2020","05","29","analyzed"
"youtube#playlistItem","ZiNgHJsX3nSrbRPVGjtPSOOYHGE","UExkZ29RNkMzY2tRdGlUemNNcXczcjdsZUo1eHBhZ3BjRi41MzY4MzcwOUFFRUU3QzEx","KoUYOzAs9uM","2020-05-28T18:42:08Z",2020-05-28,"2020","05","28","analyzed"
"youtube#playlistItem","c1F683wl9IT3p0mQFoLcpsstaWg","UExkZ29RNkMzY2tRdGlUemNNcXczcjdsZUo1eHBhZ3BjRi5DRUQwODMxQzUyRTlGRkY3","LyoKyvzYBhk","2020-05-27T18:39:58Z",2020-05-27,"2020","05","27","analyzed"
"youtube#playlistItem","KrFCUi7Q6JaD8HQl89NShXDoIiA","UExkZ29RNkMzY2tRdGlUemNNcXczcjdsZUo1eHBhZ3BjRi5DNkMwRUI2MkI4QkI4NDFG","UVVWGcB3uYc","2020-05-22T15:14:46Z",2020-05-22,"2020","05","22","analyzed"
"youtube#playlistItem","0wTf_FWDz0nsljTvgCZznnsodhQ","UExkZ29RNkMzY2tRdGlUemNNcXczcjdsZUo1eHBhZ3BjRi45NkVENTkxRDdCQUFBMDY4","k5ngaqoo3ss","2020-05-20T19:39:50Z",2020-05-20,"2020","05","20","analyzed"
"youtube#playlistItem","ONzqMbWK9VItqh3nDL8eCTR7skI","UExkZ29RNkMzY2tRdGlUemNNcXczcjdsZUo1eHBhZ3BjRi5EMEEwRUY5M0RDRTU3NDJC","_sbNHgRFPVc","2020-05-15T18:40:37Z",2020-05-15,"2020","05","15","analyzed"
"youtube#playlistItem","K4mzQZ78rTzL2nuWaY6fej9lpyQ","UExkZ29RNkMzY2tRdGlUemNNcXczcjdsZUo1eHBhZ3BjRi4yODlGNEE0NkRGMEEzMEQy","_uZCFwZ-wCM","2020-05-13T18:46:10Z",2020-05-13,"2020","05","13","analyzed"
"youtube#playlistItem","rSt0XRRaMLWgoV-eeEtXNGaZ1dQ","UExkZ29RNkMzY2tRdGlUemNNcXczcjdsZUo1eHBhZ3BjRi43MTI1NDIwOTMwQjIxMzNG","d63sa5VZby4","2020-05-11T18:32:17Z",2020-05-11,"2020","05","11","analyzed"
"youtube#playlistItem","sr-kruo1O3VgtTub-J4kyUXx0kc","UExkZ29RNkMzY2tRdGlUemNNcXczcjdsZUo1eHBhZ3BjRi4wOTA3OTZBNzVEMTUzOTMy","MNC0T33lKmg","2020-05-08T18:45:43Z",2020-05-08,"2020","05","08","analyzed"
"youtube#playlistItem","JTD_fvsIIOhq-G0ICJWWOOiHEp4","UExkZ29RNkMzY2tRdGlUemNNcXczcjdsZUo1eHBhZ3BjRi41NkI0NEY2RDEwNTU3Q0M2","cHhZK-I2Z0E","2020-05-06T21:17:31Z",2020-05-06,"2020","05","06","analyzed"
"youtube#playlistItem","JsxAVFwoR63qv8qIXhnnXJZ5yCk","UExkZ29RNkMzY2tRdGlUemNNcXczcjdsZUo1eHBhZ3BjRi43NDhFRTgwOTRERTU4Rjg3","rqOTfe-wjs0","2020-05-06T18:51:08Z",2020-05-06,"2020","05","06","analyzed"
"youtube#playlistItem","nwDNkqZikyWreD-etOAUBr1cZWY","UExkZ29RNkMzY2tRdGlUemNNcXczcjdsZUo1eHBhZ3BjRi4xOTEzQzhBQzU3MDNDNjcz","ZdPTnN6n6VQ","2020-05-05T19:28:09Z",2020-05-05,"2020","05","05","analyzed"
"youtube#playlistItem","7y_-r5C9HaJ6eMIj06XDeHMAyzo","UExkZ29RNkMzY2tRdGlUemNNcXczcjdsZUo1eHBhZ3BjRi41Mzk2QTAxMTkzNDk4MDhF","X8FbPYPQ3RU","2020-05-04T18:44:58Z",2020-05-04,"2020","05","04","analyzed"
"youtube#playlistItem","h8lEF1C7MGeLXhI3_6rxBDA5C44","UExkZ29RNkMzY2tRdGlUemNNcXczcjdsZUo1eHBhZ3BjRi42MTI4Njc2QjM1RjU1MjlG","hfX_PeCtrfM","2020-05-01T18:28:17Z",2020-05-01,"2020","05","01","analyzed"
"youtube#playlistItem","mGXmREtaeH8Ug8HQGxgfKCJ-llo","UExkZ29RNkMzY2tRdGlUemNNcXczcjdsZUo1eHBhZ3BjRi40QTA3NTU2RkM1QzlCMzYx","wjoaaJwlHk8","2020-04-30T19:01:58Z",2020-04-30,"2020","04","30","analyzed"
"youtube#playlistItem","gSNqlh3oxw-TKrU9JeoQjaUDgD0","UExkZ29RNkMzY2tRdGlUemNNcXczcjdsZUo1eHBhZ3BjRi4zRjM0MkVCRTg0MkYyQTM0","sN9J0-7S8Jw","2020-04-29T18:45:15Z",2020-04-29,"2020","04","29","analyzed"
"youtube#playlistItem","0RhzmpA-31CQb3QXzGz5k0tXEFQ","UExkZ29RNkMzY2tRdGlUemNNcXczcjdsZUo1eHBhZ3BjRi45NDk1REZENzhEMzU5MDQz","kv_RNPCxLBE","2020-04-28T18:48:00Z",2020-04-28,"2020","04","28","analyzed"
"youtube#playlistItem","k_stVkQQWhcn93sAYGEfrScv14c","UExkZ29RNkMzY2tRdGlUemNNcXczcjdsZUo1eHBhZ3BjRi45RjNFMDhGQ0Q2RkFCQTc1","ON3uB3P8REk","2020-04-27T19:46:07Z",2020-04-27,"2020","04","27","analyzed"
"youtube#playlistItem","2ObOP-9URYDmZ0K70pKGP4ET56A","UExkZ29RNkMzY2tRdGlUemNNcXczcjdsZUo1eHBhZ3BjRi5DQ0MyQ0Y4Mzg0M0VGOEYw","n-vbMiUqhY0","2020-04-24T18:43:34Z",2020-04-24,"2020","04","24","analyzed"
"youtube#playlistItem","-Q2K2F1wYkHQ2_pmNh3pGGks-Wc","UExkZ29RNkMzY2tRdGlUemNNcXczcjdsZUo1eHBhZ3BjRi4yMUQyQTQzMjRDNzMyQTMy","utNYhyF7dUo","2020-04-23T18:45:26Z",2020-04-23,"2020","04","23","analyzed"
"youtube#playlistItem","91ILIzPbA3OPFfWl9pmalX-SSA8","UExkZ29RNkMzY2tRdGlUemNNcXczcjdsZUo1eHBhZ3BjRi41QUZGQTY5OTE4QTREQUU4","7UUw4ISPX6A","2020-04-22T18:20:06Z",2020-04-22,"2020","04","22","analyzed"
"youtube#playlistItem","mkgbx1Ljxt5JfnNdBYwUSbAYAeQ","UExkZ29RNkMzY2tRdGlUemNNcXczcjdsZUo1eHBhZ3BjRi4zRDBDOEZDOUM0MDY5NEEz","Hyo4iQR5vpM","2020-04-21T18:38:09Z",2020-04-21,"2020","04","21","analyzed"
"youtube#playlistItem","GvkpJ1CAGM4fiICe-BTjnHhFgdE","UExkZ29RNkMzY2tRdGlUemNNcXczcjdsZUo1eHBhZ3BjRi5BRjJDODk5REM0NjkzMUIy","RaiFG_OIaO0","2020-04-20T21:22:58Z",2020-04-20,"2020","04","20","analyzed"
"youtube#playlistItem","pAkwLxWIcC5wMxFaW-h60-GjSog","UExkZ29RNkMzY2tRdGlUemNNcXczcjdsZUo1eHBhZ3BjRi45RTgxNDRBMzUwRjQ0MDhC","9BY906qv7HA","2020-04-17T18:37:43Z",2020-04-17,"2020","04","17","analyzed"
"youtube#playlistItem","yjGCoA2ndcfEkOzlleBRTCITdZQ","UExkZ29RNkMzY2tRdGlUemNNcXczcjdsZUo1eHBhZ3BjRi40NzZCMERDMjVEN0RFRThB","Bf8NYNo8QQg","2020-04-16T18:35:58Z",2020-04-16,"2020","04","16","analyzed"
"youtube#playlistItem","TtiHyC9Xm7AOMujp0j1NZIpkdW0","UExkZ29RNkMzY2tRdGlUemNNcXczcjdsZUo1eHBhZ3BjRi4zMDg5MkQ5MEVDMEM1NTg2","MfVbJDoBffw","2020-04-15T18:29:14Z",2020-04-15,"2020","04","15","analyzed"
"youtube#playlistItem","BA7XGuz7wc1s_Nvskj66nSxbntc","UExkZ29RNkMzY2tRdGlUemNNcXczcjdsZUo1eHBhZ3BjRi45ODRDNTg0QjA4NkFBNkQy","xi1QasJa1_8","2020-04-14T19:02:01Z",2020-04-14,"2020","04","14","analyzed"
"youtube#playlistItem","PApmoHk77u21eybbXGllppbqjjU","UExkZ29RNkMzY2tRdGlUemNNcXczcjdsZUo1eHBhZ3BjRi4wMTcyMDhGQUE4NTIzM0Y5","WovfY9m8ZMU","2020-04-13T18:21:39Z",2020-04-13,"2020","04","13","analyzed"
"youtube#playlistItem","m_dpNaF5u6M6WMVfyefTB4QcVIo","UExkZ29RNkMzY2tRdGlUemNNcXczcjdsZUo1eHBhZ3BjRi5GNDg1Njc1QzZERjlFRjE5","bq7o0X7Ler8","2020-04-09T21:10:14Z",2020-04-09,"2020","04","09","analyzed"
"youtube#playlistItem","K36xNE77dlfGtINFC0DzVSDyGLI","UExkZ29RNkMzY2tRdGlUemNNcXczcjdsZUo1eHBhZ3BjRi5CMEQ2Mjk5NTc3NDZFRUNB","KBpqBAmrM7Q","2020-04-08T20:44:15Z",2020-04-08,"2020","04","08","analyzed"
"youtube#playlistItem","ewhERAYlUoVNJRT_LyePMOB9ePM","UExkZ29RNkMzY2tRdGlUemNNcXczcjdsZUo1eHBhZ3BjRi5GM0Q3M0MzMzY5NTJFNTdE","t-riQZYQ6aU","2020-04-07T18:36:06Z",2020-04-07,"2020","04","07","analyzed"
"youtube#playlistItem","yAwYYLz2d7T7W0by8dxo9_w1Mz0","UExkZ29RNkMzY2tRdGlUemNNcXczcjdsZUo1eHBhZ3BjRi5DNzE1RjZEMUZCMjA0RDBB","RHL9SzN--Gs","2020-04-06T18:46:13Z",2020-04-06,"2020","04","06","analyzed"
"youtube#playlistItem","NbYzuEJ_1wy9t7ouITCbMr9F7qM","UExkZ29RNkMzY2tRdGlUemNNcXczcjdsZUo1eHBhZ3BjRi41QTY1Q0UxMTVCODczNThE","rE2-gpbUzE0","2020-04-03T18:36:19Z",2020-04-03,"2020","04","03","analyzed"
"youtube#playlistItem","Gigm9kRAMhNPxbv1riLf3N2U-rM","UExkZ29RNkMzY2tRdGlUemNNcXczcjdsZUo1eHBhZ3BjRi5EQUE1NTFDRjcwMDg0NEMz","VojaCLlEAuM","2020-04-02T20:20:35Z",2020-04-02,"2020","04","02","analyzed"
"youtube#playlistItem","fXviYU6EeCWm2xFyh3mxliLYT2k","UExkZ29RNkMzY2tRdGlUemNNcXczcjdsZUo1eHBhZ3BjRi5ENDU4Q0M4RDExNzM1Mjcy","MCfFh-NcPU4","2020-04-02T15:09:06Z",2020-04-02,"2020","04","02","analyzed"
"youtube#playlistItem","hGdKvqei6gV0wuhD5vF0peoBT2A","UExkZ29RNkMzY2tRdGlUemNNcXczcjdsZUo1eHBhZ3BjRi4zQzFBN0RGNzNFREFCMjBE","dbyKQS_7Hgg","2020-04-01T20:05:18Z",2020-04-01,"2020","04","01","analyzed"
"youtube#playlistItem","hKIMDqbwbRBEoPzoKd8Amkrd8lI","UExkZ29RNkMzY2tRdGlUemNNcXczcjdsZUo1eHBhZ3BjRi41MjE1MkI0OTQ2QzJGNzNG","kDTYJk62C38","2020-03-31T18:28:45Z",2020-03-31,"2020","03","31","analyzed"
"youtube#playlistItem","DxkYNsEn-cqPwEm0AePt1RjpEAM","UExkZ29RNkMzY2tRdGlUemNNcXczcjdsZUo1eHBhZ3BjRi41MzJCQjBCNDIyRkJDN0VD","eLTp-WculnA","2020-03-30T18:24:11Z",2020-03-30,"2020","03","30","analyzed"
"youtube#playlistItem","OT6Kr-1ew1hkSUzbVvT_DYAKogc","UExkZ29RNkMzY2tRdGlUemNNcXczcjdsZUo1eHBhZ3BjRi4yMDhBMkNBNjRDMjQxQTg1","Io4LjTbbSPQ","2020-03-27T21:49:56Z",2020-03-27,"2020","03","27","analyzed"
"youtube#playlistItem","oNC4uqXjhqJF_P5K3wu-bRAIcSM","UExkZ29RNkMzY2tRdGlUemNNcXczcjdsZUo1eHBhZ3BjRi45NzUwQkI1M0UxNThBMkU0","NxWb4OejOhs","2020-03-26T18:41:41Z",2020-03-26,"2020","03","26","analyzed"
"youtube#playlistItem","TIJAxauM1-KyWxob6X2JhVKm_Ck","UExkZ29RNkMzY2tRdGlUemNNcXczcjdsZUo1eHBhZ3BjRi4xMkVGQjNCMUM1N0RFNEUx","Xs3J39vaX3g","2020-03-25T18:59:14Z",2020-03-25,"2020","03","25","analyzed"
"youtube#playlistItem","8FiA-xZleNAC2jiMeimb6qbhILM","UExkZ29RNkMzY2tRdGlUemNNcXczcjdsZUo1eHBhZ3BjRi4yQUE2Q0JEMTk4NTM3RTZC","-OmWVN6WxmQ","2020-03-24T20:47:19Z",2020-03-24,"2020","03","24","analyzed"
"youtube#playlistItem","ofVFOsg4CjoR7O7kyoWvmR1gh_U","UExkZ29RNkMzY2tRdGlUemNNcXczcjdsZUo1eHBhZ3BjRi5DQUNERDQ2NkIzRUQxNTY1","D3RncJIWDCI","2020-03-23T18:34:07Z",2020-03-23,"2020","03","23","analyzed"
"youtube#playlistItem","YuQwK2drucFffI_5BBMRcbEP1yg","UExkZ29RNkMzY2tRdGlUemNNcXczcjdsZUo1eHBhZ3BjRi5GNjNDRDREMDQxOThCMDQ2","Tsk065sj4bI","2020-03-21T18:04:18Z",2020-03-21,"2020","03","21","analyzed"
"youtube#playlistItem","8e0C70F2PPidZdt_QFP7wRnjJg0","UExkZ29RNkMzY2tRdGlUemNNcXczcjdsZUo1eHBhZ3BjRi44Mjc5REFBRUE2MTdFRDU0","KvltPpFfukk","2020-03-20T18:21:19Z",2020-03-20,"2020","03","20","analyzed"
"youtube#playlistItem","t2KTSJKWT4Arngvc_BUPw0Ru8Q0","UExkZ29RNkMzY2tRdGlUemNNcXczcjdsZUo1eHBhZ3BjRi5DMkU4NTY1QUFGQTYwMDE3","Vwchx9IWvuM","2020-03-19T18:21:49Z",2020-03-19,"2020","03","19","analyzed"
